221.233.46.22,9999
58.55.195.4,9999
115.151.2.53,9999
121.61.24.72,9999
58.50.2.37,9999
121.61.25.0,9999
122.193.247.243,9999
121.61.1.107,9999
171.41.235.54,9999
124.94.194.67,9999
111.181.67.171,9999
183.148.142.46,9999
183.148.151.22,9999
111.181.65.224,9999
121.61.0.172,9999
121.61.1.117,9999
125.126.218.23,9999
180.118.77.23,9999
116.209.57.217,9999
115.151.7.51,9999
111.176.21.87,9999
58.55.137.215,9999
125.123.136.63,9999
116.209.55.132,9999
116.209.58.151,9999
59.62.167.208,9999
115.151.6.137,9999
112.87.68.175,9999
125.126.194.81,9999
125.126.208.80,9999
219.139.140.179,9999
125.123.136.79,9999
183.148.134.121,9999
183.148.128.226,9999
121.61.0.183,9999
115.151.3.203,9999
115.151.0.221,9999
111.181.66.164,9999
115.151.4.179,9999
112.85.130.128,9999
113.122.168.96,9999
115.151.2.92,9999
112.87.69.87,9999
113.121.144.107,9999
1.198.72.113,9999
115.151.1.26,9999
58.55.203.137,9999
222.189.191.238,9999
116.209.57.221,9999
125.123.138.165,9999
111.177.171.226,9999
115.151.5.156,9999
59.62.165.129,9999
119.102.25.108,9999
122.193.244.160,9999
115.151.4.193,9999
111.176.31.150,9999
1.192.240.236,9999
123.55.106.59,9999
121.61.0.243,9999
115.219.109.228,8010
59.62.166.80,9999
125.126.212.244,9999
119.102.24.118,9999
112.85.128.56,9999
112.85.169.108,9999
121.61.2.0,9999
117.91.232.16,9999
121.61.3.240,9999
27.29.74.190,9999
171.41.86.104,9999
59.62.164.165,9999
58.55.197.132,9999
1.192.243.228,9999
171.41.84.224,9999
58.55.137.4,9999
171.41.85.49,9999
116.209.56.241,9999
125.126.209.86,9999
117.64.235.92,808
58.55.135.40,9999
171.41.86.189,9999
171.41.86.79,9999
112.87.71.4,9999
121.61.2.153,9999
171.41.234.73,9999
124.94.193.48,9999
111.176.21.118,9999
111.77.196.214,9999
117.91.252.46,9999
115.151.6.92,9999
171.41.85.221,9999
171.41.84.84,9999
125.126.211.158,9999
125.123.137.210,9999
125.123.137.60,9999
112.85.130.147,9999
115.151.1.238,9999
219.139.143.175,9999
111.181.37.133,9999
183.148.151.78,9999
111.181.37.9,9999
121.61.3.22,9999
60.13.42.70,9999
59.62.167.117,9999
183.148.152.63,9999
171.41.81.106,9999
115.151.7.88,9999
58.55.229.153,9999
58.55.230.158,9999
112.85.128.134,9999
58.22.216.169,8118
58.50.1.210,9999
115.151.0.150,9999
125.123.136.208,9999
125.126.204.140,9999
119.102.26.167,9999
121.61.1.234,9999
115.151.5.236,9999
112.85.151.206,9999
183.148.156.94,9999
183.148.150.22,9999
111.176.28.100,9999
112.85.170.134,9999
113.121.144.124,9999
125.123.139.214,9999
27.29.95.178,9999
115.151.6.147,9999
115.239.24.103,9999
112.87.69.34,9999
121.61.3.243,9999
58.55.193.176,9999
171.41.85.127,9999
125.123.138.194,9999
171.41.85.115,9999
171.41.85.35,9999
115.151.5.253,9999
61.184.41.105,9999
171.41.84.164,9999
115.151.7.152,9999
121.31.156.83,8123
125.126.192.153,9999
58.55.198.33,9999
125.123.143.102,9999
115.151.3.219,808
115.151.6.6,9999
183.148.140.252,9999
121.61.1.146,9999
121.61.3.198,9999
121.61.2.55,9999
171.41.81.168,9999
171.41.81.118,9999
117.90.137.239,9999
114.106.135.108,9999
171.41.82.89,9999
111.181.107.147,9999
39.76.139.67,9999
125.126.220.31,9999
58.50.2.34,9999
171.80.137.83,9999
27.156.119.104,9999
115.239.24.253,9999
125.123.143.38,9999
113.122.170.7,9999
119.101.112.153,9999
119.101.117.155,9999
119.101.117.95,9999
119.101.116.144,9999
125.123.142.214,9999
121.61.3.93,9999
183.148.147.6,9999
119.101.114.108,9999
119.101.117.113,9999
125.123.136.59,9999
222.217.30.91,9999
111.176.29.235,9999
119.101.119.63,9999
125.123.139.106,9999
27.29.44.152,9999
119.101.117.162,9999
1.192.247.146,9999
119.101.116.44,9999
119.101.118.100,9999
119.101.114.101,9999
116.209.57.41,9999
59.62.167.116,9999
112.85.173.27,9999
115.239.25.88,9999
125.123.140.169,9999
112.85.166.135,9999
171.80.138.48,9999
116.209.58.101,9999
59.62.167.17,9999
115.239.24.73,9999
115.46.76.176,8123
116.209.54.156,9999
59.62.164.21,9999
123.55.106.149,9999
125.123.139.8,9999
125.123.143.133,9999
59.62.166.217,808
116.209.59.110,9999
111.177.107.221,9999
116.209.58.171,9999
59.62.164.251,9999
59.62.165.252,9999
112.87.70.26,9999
125.123.142.253,9999
125.123.137.235,9999
115.151.1.83,9999
115.151.1.145,9999
115.151.0.52,9999
112.85.166.108,9999
59.62.165.215,9999
125.123.141.222,9999
113.122.168.110,9999
125.123.140.154,9999
116.209.57.65,9999
125.123.142.26,9999
116.209.53.128,9999
125.123.138.231,9999
112.85.150.219,9999
116.209.53.14,9999
113.122.169.72,9999
58.219.63.23,9999
115.151.4.150,9999
119.101.112.94,9999
119.101.114.143,9999
113.13.177.48,9999
144.123.69.236,9999
119.101.112.78,9999
180.118.77.21,9999
119.101.115.240,9999
222.217.30.89,9999
120.43.59.206,9999
114.239.145.191,808
171.41.80.37,9999
119.101.113.173,9999
114.106.134.27,9999
171.80.153.223,9999
113.13.160.34,9999
117.90.137.239,9999
114.106.135.108,9999
171.41.82.89,9999
111.181.107.147,9999
39.76.139.67,9999
125.126.220.31,9999
58.50.2.34,9999
171.80.137.83,9999
27.156.119.104,9999
115.239.24.253,9999
125.123.143.38,9999
113.122.170.7,9999
119.101.112.153,9999
119.101.117.155,9999
119.101.117.95,9999
119.101.116.144,9999
125.123.142.214,9999
121.61.3.93,9999
183.148.147.6,9999
119.101.114.108,9999
119.101.117.113,9999
125.123.136.59,9999
222.217.30.91,9999
111.181.54.31,9999
175.42.68.23,9999
112.87.69.191,9999
119.39.238.224,9999
125.105.105.231,9999
121.61.2.75,9999
183.15.121.107,808
122.7.132.17,9999
125.123.143.47,9999
110.52.234.95,9999
119.39.238.66,9999
58.55.229.168,9999
115.221.121.255,9999
125.123.137.177,9999
122.235.141.226,8118
27.24.165.95,9999
171.41.81.250,9999
116.225.67.6,63000
171.41.80.139,9999
171.41.81.113,9999
121.61.122.53,9999
116.209.55.4,9999
36.26.225.21,9999
111.181.65.131,9999
123.188.216.119,9999
125.126.196.1,9999
58.54.138.19,9999
115.46.65.23,8123
59.62.166.57,9999
112.85.168.178,9999
116.209.54.23,9999
111.177.183.67,9999
111.181.65.10,9999
111.177.179.111,9999
125.104.50.91,9999
1.192.240.74,9999
113.122.169.130,9999
125.126.197.103,9999
116.208.98.123,8118
116.209.58.197,9999
183.148.158.64,9999
125.123.137.238,9999
115.151.1.144,9999
112.85.128.184,9999
49.86.183.13,9999
117.93.159.138,9999
125.126.204.79,9999
125.126.223.206,9999
124.94.195.49,9999
111.177.189.79,9999
112.85.164.23,9999
125.123.140.184,9999
183.148.151.202,9999
110.191.132.37,8081
119.101.115.197,9999
117.70.38.198,9999
58.55.226.180,9999
58.55.226.218,9999
119.101.112.121,9999
58.55.228.122,9999
119.101.116.224,9999
58.55.146.100,9999
119.101.115.189,9999
119.101.117.86,9999
58.55.145.145,9999
58.55.151.62,9999
123.163.116.39,9999
119.101.115.160,9999
119.101.112.65,9999
119.101.118.91,9999
119.101.117.32,9999
117.95.201.190,9999
119.101.114.116,9999
183.148.151.9,9999
119.101.118.132,9999
123.131.205.128,9999
58.55.147.224,9999
119.101.118.28,9999
121.61.3.17,9999
119.101.114.59,9999
125.126.201.42,9999
183.148.139.150,9999
116.209.56.121,9999
112.85.164.151,9999
219.139.140.246,9999
122.193.247.131,9999
183.148.144.218,9999
59.62.164.4,9999
111.79.198.116,9999
117.82.88.27,9999
171.80.113.24,9999
58.208.69.125,9999
116.209.57.132,9999
1.192.241.229,9999
115.53.35.98,9999
171.80.0.167,9999
59.62.164.196,9999
59.62.166.100,808
116.208.55.29,9999
121.61.3.213,9999
121.61.0.47,9999
125.126.214.116,9999
117.42.202.138,9999
112.85.150.149,9999
183.148.153.28,9999
121.61.2.35,9999
183.148.129.86,9999
183.148.154.223,9999
106.13.85.20,808
59.62.166.70,9999
59.62.164.68,9999
111.79.199.173,9999
111.79.198.231,9999
183.148.147.160,9999
59.62.165.86,9999
125.126.204.254,9999
59.62.164.88,808
115.151.2.245,9999
183.148.143.174,9999
112.87.71.166,9999
183.148.153.11,9999
116.209.52.209,9999
114.239.3.205,808
117.91.232.122,9999
125.126.221.190,9999
183.148.135.159,9999
116.209.57.34,9999
113.122.168.152,9999
125.126.214.196,9999
123.55.39.227,53281
183.148.130.109,9999
180.119.68.40,9999
121.233.207.230,9999
119.190.188.115,8118
121.61.0.147,9999
175.148.73.32,1133
183.148.157.52,9999
121.61.2.15,9999
183.148.143.182,9999
111.177.107.174,9999
116.209.53.71,9999
116.209.56.98,9999
112.85.166.137,9999
61.184.42.173,9999
111.177.169.56,9999
116.208.55.50,9999
36.26.229.82,9999
125.126.204.166,9999
112.85.128.13,9999
112.85.150.155,9999
223.242.248.194,9999
116.209.54.8,9999
115.46.70.14,8123
125.126.220.24,9999
111.177.190.15,9999
121.61.1.38,9999
163.204.246.28,9999
115.239.24.18,9999
111.176.30.62,9999
222.189.144.103,9999
111.177.160.54,9999
112.85.130.73,9999
125.123.140.215,9999
182.44.225.57,9999
125.123.138.190,9999
121.232.199.53,9999
27.156.215.231,9999
111.177.182.37,9999
49.89.143.128,9999
113.122.168.4,9999
59.62.165.2,9999
111.177.173.246,9999
1.192.240.218,9999
111.77.197.107,9999
111.177.164.168,9999
125.123.143.80,9999
119.102.190.21,9999
111.181.49.231,9999
119.102.190.17,9999
221.235.237.100,9999
124.94.199.153,9999
116.208.52.119,9999
144.255.13.139,9999
27.29.93.145,9999
119.102.188.102,9999
113.128.11.199,9999
116.209.56.194,9999
111.177.164.253,9999
111.177.176.140,9999
1.192.243.131,9999
221.235.236.194,9999
122.192.175.204,9999
115.203.121.137,9999
113.121.145.2,9999
125.126.205.215,9999
111.177.180.39,9999
111.181.51.92,9999
183.148.129.45,9999
119.102.188.7,9999
58.54.139.173,9999
183.148.158.164,9999
183.148.128.253,9999
171.41.85.173,9999
171.41.86.35,9999
171.41.86.249,9999
116.209.58.212,9999
171.41.85.175,9999
171.41.86.118,9999
222.189.190.98,9999
171.41.85.182,9999
1.192.242.171,9999
27.29.75.27,9999
115.239.24.186,9999
171.41.81.199,9999
116.209.54.19,9999
125.126.203.120,9999
125.123.139.211,9999
171.41.81.176,9999
180.117.101.218,9999
112.85.166.55,9999
183.148.140.197,9999
111.177.176.230,9999
115.151.4.190,9999
182.44.221.69,9999
110.52.235.48,9999
113.121.145.219,9999
171.41.82.65,9999
111.181.66.120,9999
111.177.178.76,9999
59.62.166.157,9999
115.151.3.133,9999
123.55.98.224,9999
115.239.24.57,9999
111.181.67.174,9999
111.177.164.118,9999
111.177.179.52,9999
171.41.80.70,9999
180.117.96.7,9999
121.61.3.132,9999
116.209.52.67,9999
125.123.141.94,9999
58.54.139.142,9999
111.181.65.86,9999
111.177.170.149,9999
58.55.206.113,9999
222.189.191.234,9999
125.126.209.239,9999
115.151.1.208,9999
121.61.2.167,9999
58.55.201.206,9999
112.85.150.113,9999
58.55.205.74,9999
180.118.77.16,9999
116.209.53.189,9999
122.193.246.127,9999
114.239.3.153,808
125.123.136.26,9999
121.233.207.148,9999
111.177.181.60,9999
125.123.136.41,9999
120.83.108.27,9999
121.61.0.120,9999
171.80.153.189,9999
116.209.57.253,9999
116.209.54.39,9999
111.72.154.189,9999
182.44.220.226,9999
221.233.44.186,9999
111.177.191.211,9999
144.123.70.82,9999
171.80.153.177,9999
111.177.175.174,9999
111.177.172.212,9999
111.177.180.249,9999
112.85.128.98,9999
111.176.20.233,9999
111.79.199.104,9999
121.61.25.59,9999
111.177.164.34,9999
113.121.146.134,9999
123.188.218.123,9999
111.177.188.168,9999
163.204.241.85,9999
111.177.175.127,9999
222.189.191.226,9999
125.123.139.120,9999
125.123.139.39,9999
111.177.189.182,9999
171.41.235.117,9999
183.148.134.61,9999
111.177.172.169,9999
111.177.171.187,9999
222.189.190.105,9999
180.117.103.9,9999
125.126.196.139,9999
125.126.210.119,9999
125.123.141.55,9999
111.177.182.187,9999
125.123.140.120,9999
221.235.234.137,9999
221.235.232.194,9999
115.151.6.248,9999
111.177.180.186,9999
121.233.206.134,9999
183.148.134.218,9999
111.177.173.142,9999
111.176.23.75,9999
112.85.174.166,9999
171.80.174.110,9999
121.61.2.132,9999
111.177.164.140,9999
115.151.3.125,9999
111.177.166.78,9999
183.148.156.249,9999
113.121.145.217,9999
59.62.164.175,9999
125.123.136.77,9999
111.181.64.240,9999
125.123.142.14,9999
111.181.66.241,9999
111.177.168.134,9999
110.52.235.224,9999
1.198.73.128,9999
111.177.182.38,9999
111.181.65.68,9999
112.85.166.241,9999
58.55.207.85,9999
58.55.207.55,9999
111.177.173.146,9999
111.177.171.20,9999
122.4.44.252,9999
183.148.153.84,9999
117.95.214.202,9999
121.61.24.139,9999
58.55.200.237,9999
1.192.242.94,9999
58.55.225.130,9999
119.101.114.22,9999
119.101.117.60,9999
183.148.143.33,9999
125.40.79.66,8118
1.198.73.31,9999
144.123.68.104,9999
117.70.38.96,9999
119.101.118.93,9999
58.55.229.219,9999
58.55.231.74,9999
58.55.228.137,9999
58.55.230.38,9999
183.148.144.51,9999
119.101.112.135,9999
119.39.238.94,9999
119.101.114.35,9999
58.55.231.71,9999
223.215.186.182,9999
114.222.245.2,9999
115.46.74.100,8123
112.85.164.173,9999
125.126.197.47,9999
58.55.146.168,9999
121.225.228.141,9999
121.237.88.175,9999
180.118.77.27,9999
42.176.36.251,37000
113.120.162.225,9999
122.4.41.196,22660
116.209.58.34,9999
111.79.198.109,9999
180.119.141.64,9999
111.79.198.120,9999
59.62.164.13,9999
111.79.199.90,9999
59.62.167.219,9999
112.85.171.63,9999
59.62.164.72,9999
111.79.199.66,9999
115.46.66.255,8123
111.177.166.184,9999
115.151.7.81,9999
111.79.199.69,9999
116.209.55.93,9999
113.74.255.23,8123
121.61.0.149,9999
59.62.165.48,9999
121.61.2.171,9999
59.62.166.136,9999
59.62.166.169,9999
111.230.237.187,8118
116.209.54.191,9999
59.62.164.110,9999
121.61.3.221,9999
59.62.165.97,9999
59.62.165.203,9999
59.62.165.10,9999
183.148.144.12,9999
111.177.188.147,9999
59.62.167.229,9999
116.210.35.241,9999
115.151.3.118,9999
116.209.56.85,9999
116.209.57.245,9999
121.61.3.168,9999
111.177.167.250,9999
116.209.59.93,9999
171.80.175.14,9999
111.79.198.218,9999
110.52.235.109,9999
116.209.59.202,9999
183.148.143.12,9999
122.193.245.190,9999
125.126.217.15,9999
183.148.145.145,9999
121.61.24.90,9999
115.151.0.53,9999
27.156.196.91,9999
183.148.156.197,9999
113.122.168.135,9999
1.192.242.54,9999
183.148.141.249,9999
111.177.170.220,9999
111.177.49.214,9999
121.61.25.179,9999
221.235.238.196,9999
111.177.173.6,9999
182.44.224.144,9999
115.239.24.166,9999
121.61.2.28,9999
59.62.167.18,808
27.29.46.107,9999
27.29.45.150,9999
121.61.27.29,9999
